optimizer,trial,state,value,peak_val_acc,final_test_acc,params
adamw,0,PRUNED,0.5076477015390992,,,"{""lr"": 0.0011576160601673156, ""beta1"": 0.8671865315032211, ""beta2"": 0.9922201245695225, ""weight_decay"": 0.34316742743792855}"
adamw,1,PRUNED,0.04248735588043928,,,"{""lr"": 0.00031411538064722306, ""beta1"": 0.9198343179022783, ""beta2"": 0.992323021071499, ""weight_decay"": 0.8189078675704613}"
adamw,2,FAIL,,,,"{""lr"": 0.00023294115464066322, ""beta1"": 0.8529877937694438, ""beta2"": 0.9988888656107743, ""weight_decay"": 0.3011369783934477}"
adamw,3,PRUNED,0.10833660420030355,,,"{""lr"": 0.003872639391054715, ""beta1"": 0.9080579177135406, ""beta2"": 0.9984848390636939, ""weight_decay"": 1.8645260030089423}"
adamw,4,PRUNED,0.03579713823273778,,,"{""lr"": 0.004112522890946545, ""beta1"": 0.9255909471852898, ""beta2"": 0.9623755273973886, ""weight_decay"": 3.4389417285360895}"
adamw,5,PRUNED,0.03854419197887182,,,"{""lr"": 0.0008565293722924722, ""beta1"": 0.9336803373557624, ""beta2"": 0.974510993649918, ""weight_decay"": 1.9548824288747957}"
adamw,6,PRUNED,0.04045612085610628,,,"{""lr"": 0.00038538796825530206, ""beta1"": 0.8736134842397059, ""beta2"": 0.9768614209297507, ""weight_decay"": 0.21558439401675056}"
adamw,7,PRUNED,0.3029294740408659,,,"{""lr"": 0.002688712893605852, ""beta1"": 0.8616506972333066, ""beta2"": 0.9848621204520889, ""weight_decay"": 0.9597756895390301}"
adamw,8,PRUNED,0.021018927451223135,,,"{""lr"": 0.002688712893605852, ""beta1"": 0.8616506972333066, ""beta2"": 0.9848621204520889, ""weight_decay"": 0.9597756895390301}"
adamw,9,PRUNED,0.021018927451223135,,,"{""lr"": 0.00038538796825530206, ""beta1"": 0.8736134842397059, ""beta2"": 0.9768614209297507, ""weight_decay"": 0.21558439401675056}"
adamw,10,PRUNED,0.021018927451223135,,,"{""lr"": 0.0011576160601673156, ""beta1"": 0.8671865315032211, ""beta2"": 0.9922201245695225, ""weight_decay"": 0.34316742743792855}"
adamw,11,FAIL,,,,"{""lr"": 0.00031411538064722306, ""beta1"": 0.9198343179022783, ""beta2"": 0.992323021071499, ""weight_decay"": 0.8189078675704613}"
adamw,12,PRUNED,0.021018927451223135,,,"{""lr"": 0.0008565293722924722, ""beta1"": 0.9336803373557624, ""beta2"": 0.974510993649918, ""weight_decay"": 1.9548824288747957}"
adamw,13,PRUNED,0.021018927451223135,,,"{""lr"": 0.004112522890946545, ""beta1"": 0.9255909471852898, ""beta2"": 0.9623755273973886, ""weight_decay"": 3.4389417285360895}"
adamw,14,PRUNED,0.021018927451223135,,,"{""lr"": 0.00023294115464066322, ""beta1"": 0.8529877937694438, ""beta2"": 0.9988888656107743, ""weight_decay"": 0.3011369783934477}"
adamw,15,PRUNED,0.021018927451223135,,,"{""lr"": 0.003872639391054715, ""beta1"": 0.9080579177135406, ""beta2"": 0.9984848390636939, ""weight_decay"": 1.8645260030089423}"
adamw,16,PRUNED,0.5150537639856339,,,"{""lr"": 0.001502888897417783, ""beta1"": 0.8608187501552903, ""beta2"": 0.9640673774133547, ""weight_decay"": 0.36830508732158423}"
adamw,17,PRUNED,0.42390297167003155,,,"{""lr"": 0.0008623322670206282, ""beta1"": 0.8573440692904533, ""beta2"": 0.9942035505445939, ""weight_decay"": 2.5597536592516743}"
adamw,18,PRUNED,0.5077670002356172,,,"{""lr"": 0.0008789875643588505, ""beta1"": 0.858873475872205, ""beta2"": 0.957998602487153, ""weight_decay"": 0.3159244658854946}"
adamw,19,PRUNED,0.364954833406955,,,"{""lr"": 0.00039161864058967293, ""beta1"": 0.9216966435527597, ""beta2"": 0.9708224658585687, ""weight_decay"": 0.24608640666668777}"
adamw,20,PRUNED,0.5065739834681153,,,"{""lr"": 0.000977269578636293, ""beta1"": 0.8659619549319539, ""beta2"": 0.9607827787294425, ""weight_decay"": 0.410828282841727}"
adamw,21,PRUNED,0.04236189555376768,,,"{""lr"": 0.0002129564451036667, ""beta1"": 0.8670040337981031, ""beta2"": 0.9576941180506675, ""weight_decay"": 0.6091183677736135}"
adamw,22,PRUNED,0.5041817468591034,,,"{""lr"": 0.001574641852330515, ""beta1"": 0.8511273485796643, ""beta2"": 0.9560665995947748, ""weight_decay"": 0.7300263635154179}"
neuralgrok,0,PRUNED,,,,"{""lr"": 0.002688712893605852, ""neural_alpha"": 2.7419076764296224, ""neural_beta"": 7.338567354925254, ""neural_grad_clip"": 1.8088471287364318, ""weight_decay"": 0.320776422120854}"
neuralgrok,1,PRUNED,,,,"{""lr"": 0.00031411538064722306, ""neural_alpha"": 13.253949280815302, ""neural_beta"": 8.69509474027253, ""neural_grad_clip"": 1.6763853445887404, ""weight_decay"": 0.2742491224932419}"
neuralgrok,2,FAIL,,,,{}
neuralgrok,3,PRUNED,,,,"{""lr"": 0.003872639391054715, ""neural_alpha"": 9.634830773222056, ""neural_beta"": 9.815425284307974, ""neural_grad_clip"": 2.3630209373618687, ""weight_decay"": 3.0760669060789647}"
neuralgrok,4,PRUNED,,,,"{""lr"": 0.0008565293722924722, ""neural_alpha"": 19.28355624289931, ""neural_beta"": 5.4565442999850955, ""neural_grad_clip"": 2.402513106315949, ""weight_decay"": 0.4419155679144035}"
neuralgrok,5,PRUNED,,,,"{""lr"": 0.00038538796825530206, ""neural_alpha"": 3.7909330949992865, ""neural_beta"": 5.883894714500133, ""neural_grad_clip"": 0.5626183175333517, ""weight_decay"": 0.7393249364983644}"
neuralgrok,6,PRUNED,,,,"{""lr"": 0.0011576160601673156, ""neural_alpha"": 3.185365635006737, ""neural_beta"": 8.676386285367716, ""neural_grad_clip"": 0.9505585269837273, ""weight_decay"": 1.1666656718936412}"
neuralgrok,7,PRUNED,,,,"{""lr"": 0.002688712893605852, ""neural_alpha"": 2.7419076764296224, ""neural_beta"": 7.338567354925254, ""neural_grad_clip"": 1.8088471287364318, ""weight_decay"": 0.320776422120854}"
neuralgrok,8,PRUNED,,,,"{""lr"": 0.003872639391054715, ""neural_alpha"": 9.634830773222056, ""neural_beta"": 9.815425284307974, ""neural_grad_clip"": 2.3630209373618687, ""weight_decay"": 3.0760669060789647}"
neuralgrok,9,PRUNED,,,,"{""lr"": 0.0008565293722924722, ""neural_alpha"": 19.28355624289931, ""neural_beta"": 5.4565442999850955, ""neural_grad_clip"": 2.402513106315949, ""weight_decay"": 0.4419155679144035}"
neuralgrok,10,PRUNED,,,,"{""lr"": 0.00038538796825530206, ""neural_alpha"": 3.7909330949992865, ""neural_beta"": 5.883894714500133, ""neural_grad_clip"": 0.5626183175333517, ""weight_decay"": 0.7393249364983644}"
neuralgrok,11,FAIL,,,,"{""lr"": 0.00023294115464066322, ""neural_alpha"": 2.168548686512839, ""neural_beta"": 9.888884656504395, ""neural_grad_clip"": 0.8415257398134928, ""weight_decay"": 1.4415813587535569}"
neuralgrok,12,FAIL,,,,"{""lr"": 0.004112522890946545}"
neuralgrok,13,PRUNED,,,,"{""lr"": 0.00023294115464066322, ""neural_alpha"": 2.168548686512839, ""neural_beta"": 9.888884656504395, ""neural_grad_clip"": 0.8415257398134928, ""weight_decay"": 1.4415813587535569}"
neuralgrok,14,PRUNED,,,,"{""lr"": 0.004112522890946545, ""neural_alpha"": 15.48989657977212, ""neural_beta"": 3.250095890434296, ""neural_grad_clip"": 2.873878437459018, ""weight_decay"": 0.5941640332860916}"
neuralgrok,15,PRUNED,,,,"{""lr"": 0.0002818900814064055, ""neural_alpha"": 15.998656839942761, ""neural_beta"": 8.772864673926689, ""neural_grad_clip"": 1.714565637452284, ""weight_decay"": 0.42566944398127476}"
neuralgrok,16,PRUNED,,,,"{""lr"": 0.001569778017799027, ""neural_alpha"": 8.918176880587009, ""neural_beta"": 7.336872168486141, ""neural_grad_clip"": 1.2024443812267185, ""weight_decay"": 0.3826898199773542}"
neuralgrok,17,PRUNED,,,,"{""lr"": 0.0004495487204920208, ""neural_alpha"": 2.7835359707625296, ""neural_beta"": 8.39068973475215, ""neural_grad_clip"": 1.4339916674213276, ""weight_decay"": 0.23524242120550895}"
neuralgrok,18,PRUNED,,,,"{""lr"": 0.0009547706794192181, ""neural_alpha"": 4.010835696057199, ""neural_beta"": 5.4296706687688765, ""neural_grad_clip"": 2.251838470806949, ""weight_decay"": 1.0238579612747432}"
neuralgrok,19,PRUNED,,,,"{""lr"": 0.004995096114739049, ""neural_alpha"": 3.8110987668405576, ""neural_beta"": 2.6897190680567746, ""neural_grad_clip"": 1.518506521073596, ""weight_decay"": 0.29671250159908513}"
neuralgrok,20,PRUNED,,,,"{""lr"": 0.0036359662746181477, ""neural_alpha"": 2.942573469709438, ""neural_beta"": 3.9103056133981395, ""neural_grad_clip"": 1.5549962903147887, ""weight_decay"": 0.6814647261730591}"
neuralgrok,21,PRUNED,,,,"{""lr"": 0.00021788130479875173, ""neural_alpha"": 13.784728822286423, ""neural_beta"": 4.285238045425673, ""neural_grad_clip"": 1.308998512792697, ""weight_decay"": 0.2664018411202209}"
neuralgrok,22,PRUNED,,,,"{""lr"": 0.0011564228250660201, ""neural_alpha"": 5.098552866312939, ""neural_beta"": 9.992861430357255, ""neural_grad_clip"": 2.3509583219091637, ""weight_decay"": 0.6115987530965529}"
grokadamw,0,PRUNED,,,,"{""lr"": 0.00031411538064722306, ""grokadamw_alpha"": 0.9691359747232555, ""grokadamw_lamb"": 6.4768575612846515, ""grokadamw_grad_clip"": 1.6763853445887404, ""grokadamw_gamma"": 0.07058708922358299, ""grokadamw_kappa"": 0.03319690422037746, ""weight_decay"": 0.4760625343399019}"
grokadamw,1,FAIL,,,,"{""lr"": 0.003872639391054715}"
grokadamw,2,PRUNED,,,,"{""lr"": 0.0008565293722924722, ""grokadamw_alpha"": 0.9828435339822048, ""grokadamw_lamb"": 2.2039568856103418, ""grokadamw_grad_clip"": 2.402513106315949, ""grokadamw_gamma"": 0.14702894417579118, ""grokadamw_kappa"": 0.56754648483511, ""weight_decay"": 0.3485566777926781}"
grokadamw,3,PRUNED,,,,"{""lr"": 0.00038538796825530206, ""grokadamw_alpha"": 0.9233773493973088, ""grokadamw_lamb"": 2.5408580052041816, ""grokadamw_grad_clip"": 0.5626183175333517, ""grokadamw_gamma"": 0.2294852334086619, ""grokadamw_kappa"": 0.3161941318535102, ""weight_decay"": 1.6771559080664342}"
grokadamw,4,PRUNED,,,,"{""lr"": 0.002688712893605852, ""grokadamw_alpha"": 0.9115341902609735, ""grokadamw_lamb"": 4.123502434049792, ""grokadamw_grad_clip"": 1.8088471287364318, ""grokadamw_gamma"": 0.09569600481874373, ""grokadamw_kappa"": 0.6560019918302046, ""weight_decay"": 1.5993849069001902}"
grokadamw,5,PRUNED,,,,"{""lr"": 0.003872639391054715, ""grokadamw_alpha"": 0.9574773385364053, ""grokadamw_lamb"": 9.404118311596118, ""grokadamw_grad_clip"": 2.3630209373618687, ""grokadamw_gamma"": 0.45791732482414516, ""grokadamw_kappa"": 0.15684089950050847, ""weight_decay"": 2.8595742457794175}"
grokadamw,6,PRUNED,,,,"{""lr"": 0.0011576160601673156, ""grokadamw_alpha"": 0.9170146661881889, ""grokadamw_lamb"": 6.436649677002274, ""grokadamw_grad_clip"": 0.9505585269837273, ""grokadamw_gamma"": 0.30257602405937306, ""grokadamw_kappa"": 0.0320791556841368, ""weight_decay"": 1.053682357835631}"
grokadamw,7,PRUNED,,,,"{""lr"": 0.0008565293722924722, ""grokadamw_alpha"": 0.9828435339822048, ""grokadamw_lamb"": 2.2039568856103418, ""grokadamw_grad_clip"": 2.402513106315949, ""grokadamw_gamma"": 0.14702894417579118, ""grokadamw_kappa"": 0.56754648483511, ""weight_decay"": 0.3485566777926781}"
grokadamw,8,PRUNED,,,,"{""lr"": 0.00038538796825530206, ""grokadamw_alpha"": 0.9233773493973088, ""grokadamw_lamb"": 2.5408580052041816, ""grokadamw_grad_clip"": 0.5626183175333517, ""grokadamw_gamma"": 0.2294852334086619, ""grokadamw_kappa"": 0.3161941318535102, ""weight_decay"": 1.6771559080664342}"
grokadamw,9,PRUNED,,,,"{""lr"": 0.004112522890946545, ""grokadamw_alpha"": 0.9748350377134369, ""grokadamw_lamb"": 1.0574050131632364, ""grokadamw_grad_clip"": 2.873878437459018, ""grokadamw_gamma"": 0.19446227615746228, ""grokadamw_kappa"": 0.05876332180191102, ""weight_decay"": 2.8694087209164203}"
grokadamw,10,PRUNED,,,,"{""lr"": 0.00023294115464066322, ""grokadamw_alpha"": 0.9029579158317494, ""grokadamw_lamb"": 9.63689860272555, ""grokadamw_grad_clip"": 0.8415257398134928, ""grokadamw_gamma"": 0.3364787892509809, ""grokadamw_kappa"": 0.03278349154573471, ""weight_decay"": 0.5426235336835079}"
grokadamw,11,PRUNED,,,,"{""lr"": 0.0011576160601673156, ""grokadamw_alpha"": 0.9170146661881889, ""grokadamw_lamb"": 6.436649677002274, ""grokadamw_grad_clip"": 0.9505585269837273, ""grokadamw_gamma"": 0.30257602405937306, ""grokadamw_kappa"": 0.0320791556841368, ""weight_decay"": 1.053682357835631}"
grokadamw,12,PRUNED,,,,"{""lr"": 0.0008565293722924722, ""grokadamw_alpha"": 0.9828435339822048, ""grokadamw_lamb"": 2.2039568856103418, ""grokadamw_grad_clip"": 2.402513106315949, ""grokadamw_gamma"": 0.14702894417579118, ""grokadamw_kappa"": 0.56754648483511, ""weight_decay"": 0.3485566777926781}"
grokadamw,13,PRUNED,,,,"{""lr"": 0.0003553430717139705, ""grokadamw_alpha"": 0.9801201725119099, ""grokadamw_lamb"": 7.008538093658143, ""grokadamw_grad_clip"": 2.0287413544967756, ""grokadamw_gamma"": 0.04398519507307376, ""grokadamw_kappa"": 0.07638148797717206, ""weight_decay"": 0.48073733512490957}"
grokadamw,14,PRUNED,,,,"{""lr"": 0.0004015985528585157, ""grokadamw_alpha"": 0.9345755695647303, ""grokadamw_lamb"": 2.8173926513060605, ""grokadamw_grad_clip"": 1.4853165826694275, ""grokadamw_gamma"": 0.07357990911073872, ""grokadamw_kappa"": 0.049100078864338086, ""weight_decay"": 0.5090580763617782}"
grokadamw,15,PRUNED,,,,"{""lr"": 0.0005271716234106472, ""grokadamw_alpha"": 0.9875933022359533, ""grokadamw_lamb"": 1.9696905610939457, ""grokadamw_grad_clip"": 1.025011520118893, ""grokadamw_gamma"": 0.14986427482752712, ""grokadamw_kappa"": 0.0298414321424975, ""weight_decay"": 0.6625900485047701}"
grokadamw,16,PRUNED,,,,"{""lr"": 0.0002494831580232671, ""grokadamw_alpha"": 0.9668088400132951, ""grokadamw_lamb"": 3.459651707474842, ""grokadamw_grad_clip"": 2.5598363778246385, ""grokadamw_gamma"": 0.2799449512810653, ""grokadamw_kappa"": 0.060629366109458405, ""weight_decay"": 0.9174639824995158}"
grokadamw,17,PRUNED,,,,"{""lr"": 0.0009996365391819824, ""grokadamw_alpha"": 0.9664568693597364, ""grokadamw_lamb"": 0.6476932379077479, ""grokadamw_grad_clip"": 2.3419407027238868, ""grokadamw_gamma"": 0.15348126519173388, ""grokadamw_kappa"": 0.12222174920908885, ""weight_decay"": 0.22097186916786285}"
grokadamw,18,PRUNED,,,,"{""lr"": 0.00030079875103802275, ""grokadamw_alpha"": 0.9704660084484192, ""grokadamw_lamb"": 8.24440817975955, ""grokadamw_grad_clip"": 1.7460622745211367, ""grokadamw_gamma"": 0.23723982748273936, ""grokadamw_kappa"": 0.026297755764102433, ""weight_decay"": 1.8638777891693274}"
grokadamw,19,PRUNED,,,,"{""lr"": 0.0011146493641090174, ""grokadamw_alpha"": 0.9779945083171578, ""grokadamw_lamb"": 4.358013044488499, ""grokadamw_grad_clip"": 1.628728757401008, ""grokadamw_gamma"": 0.3017446220226031, ""grokadamw_kappa"": 0.028254435117492753, ""weight_decay"": 0.28096899081405086}"
grokadamw,20,PRUNED,,,,"{""lr"": 0.0006632964812618525, ""grokadamw_alpha"": 0.9905450779089914, ""grokadamw_lamb"": 4.450234481749415, ""grokadamw_grad_clip"": 0.8900183052575511, ""grokadamw_gamma"": 0.12484176987308304, ""grokadamw_kappa"": 0.2577317128361022, ""weight_decay"": 0.23949997891810723}"
supergrok,0,PRUNED,,,,"{""supergrok_lamb"": 0.40647633792462073, ""lr"": 0.0018935285837802238, ""weight_decay"": 2.59074302451386, ""supergrok_alpha"": 0.7329242982285706, ""supergrok_gamma"": 0.03608998191866038, ""supergrok_kappa"": 0.018157665279811375, ""supergrok_grad_clip"": 1.2237227616883348, ""supergrok_gate_temp"": 2.821082472996067, ""supergrok_meta_update_freq"": 10, ""supergrok_meta_lr"": 3.100761906965323e-05, ""supergrok_warmup"": 152}"
supergrok,1,PRUNED,,,,"{""supergrok_lamb"": 1.1970138307264842, ""lr"": 0.002956861012463203, ""weight_decay"": 0.8815827542441365, ""supergrok_alpha"": 0.8766975950505579, ""supergrok_gamma"": 0.08306987194137168, ""supergrok_kappa"": 0.5133510719553233, ""supergrok_grad_clip"": 0.9635623557588348, ""supergrok_gate_temp"": 18.44246080746511, ""supergrok_meta_update_freq"": 10, ""supergrok_meta_lr"": 0.00017277919820532866, ""supergrok_warmup"": 284}"
supergrok,2,FAIL,,,,"{""supergrok_lamb"": 0.5065882370626579}"
supergrok,3,PRUNED,,,,"{""supergrok_lamb"": 6.075991227561366, ""lr"": 0.001296118935928283, ""weight_decay"": 3.761647324638446, ""supergrok_alpha"": 0.86887814559765, ""supergrok_gamma"": 0.2741366892148392, ""supergrok_kappa"": 0.11295559146689985, ""supergrok_grad_clip"": 2.719916883557516, ""supergrok_gate_temp"": 11.905833577073107, ""supergrok_meta_update_freq"": 2, ""supergrok_meta_lr"": 2.128954456246926e-05, ""supergrok_warmup"": 133}"
supergrok,4,PRUNED,,,,"{""supergrok_lamb"": 1.1970138307264842, ""lr"": 0.002956861012463203, ""weight_decay"": 0.8815827542441365, ""supergrok_alpha"": 0.8766975950505579, ""supergrok_gamma"": 0.08306987194137168, ""supergrok_kappa"": 0.5133510719553233, ""supergrok_grad_clip"": 0.9635623557588348, ""supergrok_gate_temp"": 18.44246080746511, ""supergrok_meta_update_freq"": 10, ""supergrok_meta_lr"": 0.00017277919820532866, ""supergrok_warmup"": 284}"
supergrok,5,PRUNED,,,,"{""supergrok_lamb"": 1.6555960999575126, ""lr"": 0.00034776622063282, ""weight_decay"": 2.5746598708009087, ""supergrok_alpha"": 0.5892105883427781, ""supergrok_gamma"": 0.17866651478648968, ""supergrok_kappa"": 0.017440133354461984, ""supergrok_grad_clip"": 1.886746876151871, ""supergrok_gate_temp"": 2.558497382725127, ""supergrok_meta_update_freq"": 10, ""supergrok_meta_lr"": 2.3620929994644876e-05, ""supergrok_warmup"": 183}"
supergrok,6,PRUNED,,,,"{""supergrok_lamb"": 4.102057930121226, ""lr"": 0.0002910045326652787, ""weight_decay"": 1.649400973619917, ""supergrok_alpha"": 0.7591517314898135, ""supergrok_gamma"": 0.051521502961519576, ""supergrok_kappa"": 0.6087846793831726, ""supergrok_grad_clip"": 2.2350157196395433, ""supergrok_gate_temp"": 18.108627293037475, ""supergrok_meta_update_freq"": 7, ""supergrok_meta_lr"": 2.8227031450762495e-05, ""supergrok_warmup"": 135}"
supergrok,7,PRUNED,,,,"{""supergrok_lamb"": 0.5065882370626579, ""lr"": 0.00042769319402818, ""weight_decay"": 1.0163432020816725, ""supergrok_alpha"": 0.5123984268716036, ""supergrok_gamma"": 0.1337461330324068, ""supergrok_kappa"": 0.25784202944156664, ""supergrok_grad_clip"": 2.274639024122986, ""supergrok_gate_temp"": 4.588848061420613, ""supergrok_meta_update_freq"": 10, ""supergrok_meta_lr"": 1.2126566640778606e-05, ""supergrok_warmup"": 263}"
supergrok,8,PRUNED,,,,"{""supergrok_lamb"": 6.482166030957123, ""lr"": 0.0022790092574046243, ""weight_decay"": 0.42296200526529454, ""supergrok_alpha"": 0.9700279306168855, ""supergrok_gamma"": 0.1122216072217737, ""supergrok_kappa"": 0.035564106047027255, ""supergrok_grad_clip"": 2.722781992158767, ""supergrok_gate_temp"": 3.605262620777693, ""supergrok_meta_update_freq"": 8, ""supergrok_meta_lr"": 3.551436978584169e-05, ""supergrok_warmup"": 246}"
supergrok,9,PRUNED,,,,"{""supergrok_lamb"": 0.2946011594727064, ""lr"": 0.0002201899841227356, ""weight_decay"": 3.854759441090219, ""supergrok_alpha"": 0.5676220964830716, ""supergrok_gamma"": 0.19950258922716532, ""supergrok_kappa"": 0.017891770728684604, ""supergrok_grad_clip"": 1.332933581560572, ""supergrok_gate_temp"": 2.178749911426804, ""supergrok_meta_update_freq"": 10, ""supergrok_meta_lr"": 5.064863005511932e-05, ""supergrok_warmup"": 238}"
supergrok,10,PRUNED,,,,"{""supergrok_lamb"": 1.6555960999575126, ""lr"": 0.00034776622063282, ""weight_decay"": 2.5746598708009087, ""supergrok_alpha"": 0.5892105883427781, ""supergrok_gamma"": 0.17866651478648968, ""supergrok_kappa"": 0.017440133354461984, ""supergrok_grad_clip"": 1.886746876151871, ""supergrok_gate_temp"": 2.558497382725127, ""supergrok_meta_update_freq"": 10, ""supergrok_meta_lr"": 2.3620929994644876e-05, ""supergrok_warmup"": 183}"
supergrok,11,PRUNED,,,,"{""supergrok_lamb"": 1.1970138307264842, ""lr"": 0.002956861012463203, ""weight_decay"": 0.8815827542441365, ""supergrok_alpha"": 0.8766975950505579, ""supergrok_gamma"": 0.08306987194137168, ""supergrok_kappa"": 0.5133510719553233, ""supergrok_grad_clip"": 0.9635623557588348, ""supergrok_gate_temp"": 18.44246080746511, ""supergrok_meta_update_freq"": 10, ""supergrok_meta_lr"": 0.00017277919820532866, ""supergrok_warmup"": 284}"
supergrok,12,PRUNED,,,,"{""supergrok_lamb"": 6.075991227561366, ""lr"": 0.001296118935928283, ""weight_decay"": 3.761647324638446, ""supergrok_alpha"": 0.86887814559765, ""supergrok_gamma"": 0.2741366892148392, ""supergrok_kappa"": 0.11295559146689985, ""supergrok_grad_clip"": 2.719916883557516, ""supergrok_gate_temp"": 11.905833577073107, ""supergrok_meta_update_freq"": 2, ""supergrok_meta_lr"": 2.128954456246926e-05, ""supergrok_warmup"": 133}"
supergrok,13,PRUNED,,,,"{""supergrok_lamb"": 0.6427598364613292, ""lr"": 0.001493850544342777, ""weight_decay"": 2.0380080734996553, ""supergrok_alpha"": 0.7380802561302832, ""supergrok_gamma"": 0.031159417561696365, ""supergrok_kappa"": 0.04166478424735565, ""supergrok_grad_clip"": 1.1519063629772242, ""supergrok_gate_temp"": 6.36810696117411, ""supergrok_meta_update_freq"": 9, ""supergrok_meta_lr"": 1.8455989262729892e-05, ""supergrok_warmup"": 136}"
supergrok,14,PRUNED,,,,"{""supergrok_lamb"": 0.5044668550342458, ""lr"": 0.0027062966268416974, ""weight_decay"": 3.618936414595623, ""supergrok_alpha"": 0.5984292126586824, ""supergrok_gamma"": 0.10148729597293943, ""supergrok_kappa"": 0.022247393097127064, ""supergrok_grad_clip"": 1.7112972833776992, ""supergrok_gate_temp"": 7.109060803140788, ""supergrok_meta_update_freq"": 9, ""supergrok_meta_lr"": 7.537068796433934e-05, ""supergrok_warmup"": 209}"
supergrok,15,PRUNED,,,,"{""supergrok_lamb"": 0.44467154370960116, ""lr"": 0.0006395310842049577, ""weight_decay"": 2.691369407104783, ""supergrok_alpha"": 0.7738960287154486, ""supergrok_gamma"": 0.010266611171474014, ""supergrok_kappa"": 0.04527761394733079, ""supergrok_grad_clip"": 0.622844415595781, ""supergrok_gate_temp"": 12.334971828660436, ""supergrok_meta_update_freq"": 10, ""supergrok_meta_lr"": 0.00011872133387167991, ""supergrok_warmup"": 77}"
supergrok,16,PRUNED,,,,"{""supergrok_lamb"": 2.1786827494943064, ""lr"": 0.001977209770107952, ""weight_decay"": 1.7148278166140565, ""supergrok_alpha"": 0.8692367768479777, ""supergrok_gamma"": 0.07364034638983524, ""supergrok_kappa"": 0.017608803333424454, ""supergrok_grad_clip"": 1.9739810392100043, ""supergrok_gate_temp"": 2.1904560834572266, ""supergrok_meta_update_freq"": 10, ""supergrok_meta_lr"": 7.88343295823057e-05, ""supergrok_warmup"": 122}"
supergrok,17,PRUNED,,,,"{""supergrok_lamb"": 0.5216266693228009, ""lr"": 0.003872404158961031, ""weight_decay"": 1.7368218598244796, ""supergrok_alpha"": 0.7190465585451665, ""supergrok_gamma"": 0.023730143316968617, ""supergrok_kappa"": 0.08240914531480292, ""supergrok_grad_clip"": 1.3737466467669905, ""supergrok_gate_temp"": 2.2008017385619323, ""supergrok_meta_update_freq"": 10, ""supergrok_meta_lr"": 0.0001789324730992851, ""supergrok_warmup"": 131}"
supergrok,18,PRUNED,,,,"{""supergrok_lamb"": 3.5273903128312867, ""lr"": 0.0007180259716403792, ""weight_decay"": 1.242251259409659, ""supergrok_alpha"": 0.8734989799618849, ""supergrok_gamma"": 0.013918797932542443, ""supergrok_kappa"": 0.30139723178382916, ""supergrok_grad_clip"": 0.8066641999389057, ""supergrok_gate_temp"": 13.79481250042323, ""supergrok_meta_update_freq"": 8, ""supergrok_meta_lr"": 4.041358272135231e-05, ""supergrok_warmup"": 264}"
supergrok,19,PRUNED,,,,"{""supergrok_lamb"": 2.650061378357748, ""lr"": 0.0015067009625260453, ""weight_decay"": 0.262518315864896, ""supergrok_alpha"": 0.6615095026525393, ""supergrok_gamma"": 0.01261703807969286, ""supergrok_kappa"": 0.605219917664, ""supergrok_grad_clip"": 1.4316686715384468, ""supergrok_gate_temp"": 18.82687524133379, ""supergrok_meta_update_freq"": 7, ""supergrok_meta_lr"": 0.00010017775444177916, ""supergrok_warmup"": 216}"
supergrok,20,PRUNED,,,,"{""supergrok_lamb"": 0.5204153140735881, ""lr"": 0.0014938833510484107, ""weight_decay"": 0.5234949837250394, ""supergrok_alpha"": 0.5290741358169126, ""supergrok_gamma"": 0.10909266876288, ""supergrok_kappa"": 0.013444076813814074, ""supergrok_grad_clip"": 1.0065790458564854, ""supergrok_gate_temp"": 4.628017754371845, ""supergrok_meta_update_freq"": 10, ""supergrok_meta_lr"": 3.8517188445216155e-05, ""supergrok_warmup"": 177}"
supergrok15,0,PRUNED,,,,"{""lr"": 0.00031411538064722306, ""weight_decay"": 1.6202999508983085, ""supergrok15_alpha"": 0.9232302107149892, ""supergrok15_gamma"": 0.14381347066147138, ""supergrok15_kappa"": 0.01624723785371366, ""supergrok15_grad_clip"": 0.8238250075111124, ""supergrok15_meta_lr"": 2.676766630124513e-05, ""supergrok15_sam_rho"": 0.013325978282409754, ""supergrok15_gate_thresh"": 0.8401646831258622, ""supergrok15_sam_freq_min"": 3, ""supergrok15_bilevel_freq_min"": 4}"
supergrok15,1,FAIL,,,,{}
supergrok15,2,FAIL,,,,"{""lr"": 0.0008565293722924722, ""weight_decay"": 2.453218805276955, ""supergrok15_alpha"": 0.7451099364991802, ""supergrok15_gamma"": 0.22949654654528195, ""supergrok15_kappa"": 0.03382885257440628, ""supergrok15_grad_clip"": 2.6380180915401845, ""supergrok15_meta_lr"": 1.8788630405973276e-05, ""supergrok15_sam_rho"": 0.15645054844736947, ""supergrok15_gate_thresh"": 0.8874653655611875, ""supergrok15_sam_freq_min"": 6, ""supergrok15_bilevel_freq_min"": 8}"
supergrok15,3,PRUNED,,,,"{""lr"": 0.003872639391054715, ""weight_decay"": 1.1386255371817904, ""supergrok15_alpha"": 0.9848483906369385, ""supergrok15_gamma"": 0.2248364706087005, ""supergrok15_kappa"": 0.6678140011864404, ""supergrok15_grad_clip"": 1.81613466750027, ""supergrok15_meta_lr"": 0.00020494369640656161, ""supergrok15_sam_rho"": 0.055818713362883146, ""supergrok15_gate_thresh"": 0.3396368217154546, ""supergrok15_sam_freq_min"": 3, ""supergrok15_bilevel_freq_min"": 4}"
supergrok15,4,PRUNED,,,,"{""lr"": 0.002688712893605852, ""weight_decay"": 0.2835365569863985, ""supergrok15_alpha"": 0.848621204520889, ""supergrok15_gamma"": 0.15944396119089893, ""supergrok15_kappa"": 0.020672834131112854, ""supergrok15_grad_clip"": 2.730579643108473, ""supergrok15_meta_lr"": 0.00010595743555558504, ""supergrok15_sam_rho"": 0.14842865506427902, ""supergrok15_gate_thresh"": 0.6506437109128063, ""supergrok15_sam_freq_min"": 3, ""supergrok15_bilevel_freq_min"": 4}"
supergrok15,5,PRUNED,,,,"{""lr"": 0.00038538796825530206, ""weight_decay"": 0.4057406388195933, ""supergrok15_alpha"": 0.7686142092975072, ""supergrok15_gamma"": 0.012388961468935498, ""supergrok15_kappa"": 0.07461998187275569, ""supergrok15_grad_clip"": 2.264192138492419, ""supergrok15_meta_lr"": 0.00011182600470429591, ""supergrok15_sam_rho"": 0.017609511747934528, ""supergrok15_gate_thresh"": 0.8618522108841595, ""supergrok15_sam_freq_min"": 2, ""supergrok15_bilevel_freq_min"": 7}"
supergrok15,6,PRUNED,,,,"{""lr"": 0.004112522890946545, ""weight_decay"": 1.92526667051073, ""supergrok15_alpha"": 0.6237552739738863, ""supergrok15_gamma"": 0.28511765562016406, ""supergrok15_kappa"": 0.053324421258644616, ""supergrok15_grad_clip"": 1.1887648707235694, ""supergrok15_meta_lr"": 0.00020574410948884616, ""supergrok15_sam_rho"": 0.015079816018787193, ""supergrok15_gate_thresh"": 0.7600465300811733, ""supergrok15_sam_freq_min"": 3, ""supergrok15_bilevel_freq_min"": 7}"
supergrok15,7,PRUNED,,,,"{""lr"": 0.00023294115464066322, ""weight_decay"": 0.21872684512248852, ""supergrok15_alpha"": 0.9888886561077417, ""supergrok15_gamma"": 0.04530003729799213, ""supergrok15_kappa"": 0.20828673962109184, ""supergrok15_grad_clip"": 0.8158166554214159, ""supergrok15_meta_lr"": 3.105543084961488e-05, ""supergrok15_sam_rho"": 0.012042459935350198, ""supergrok15_gate_thresh"": 0.8877290684148571, ""supergrok15_sam_freq_min"": 4, ""supergrok15_bilevel_freq_min"": 7}"
supergrok15,8,PRUNED,,,,"{""lr"": 0.0008565293722924722, ""weight_decay"": 2.453218805276955, ""supergrok15_alpha"": 0.7451099364991802, ""supergrok15_gamma"": 0.22949654654528195, ""supergrok15_kappa"": 0.03382885257440628, ""supergrok15_grad_clip"": 2.6380180915401845, ""supergrok15_meta_lr"": 1.8788630405973276e-05, ""supergrok15_sam_rho"": 0.15645054844736947, ""supergrok15_gate_thresh"": 0.8874653655611875, ""supergrok15_sam_freq_min"": 6, ""supergrok15_bilevel_freq_min"": 8}"
supergrok15,9,PRUNED,,,,"{""lr"": 0.0011576160601673156, ""weight_decay"": 0.33468166874111627, ""supergrok15_alpha"": 0.9222012456952244, ""supergrok15_gamma"": 0.05816590618407982, ""supergrok15_kappa"": 0.15045273960469802, ""supergrok15_grad_clip"": 0.8019372517552579, ""supergrok15_meta_lr"": 6.597164514327343e-05, ""supergrok15_sam_rho"": 0.012785523595799436, ""supergrok15_gate_thresh"": 0.8956231048482957, ""supergrok15_sam_freq_min"": 3, ""supergrok15_bilevel_freq_min"": 5}"
supergrok15,10,PRUNED,,,,"{""lr"": 0.003872639391054715, ""weight_decay"": 1.1386255371817904, ""supergrok15_alpha"": 0.9848483906369385, ""supergrok15_gamma"": 0.2248364706087005, ""supergrok15_kappa"": 0.6678140011864404, ""supergrok15_grad_clip"": 1.81613466750027, ""supergrok15_meta_lr"": 0.00020494369640656161, ""supergrok15_sam_rho"": 0.055818713362883146, ""supergrok15_gate_thresh"": 0.3396368217154546, ""supergrok15_sam_freq_min"": 3, ""supergrok15_bilevel_freq_min"": 4}"
supergrok15,11,PRUNED,,,,"{""lr"": 0.0002915030578956357, ""weight_decay"": 1.3411554400420689, ""supergrok15_alpha"": 0.5975652629914926, ""supergrok15_gamma"": 0.037228425359552245, ""supergrok15_kappa"": 0.06942602933634008, ""supergrok15_grad_clip"": 2.928061061106352, ""supergrok15_meta_lr"": 4.633285527485894e-05, ""supergrok15_sam_rho"": 0.0916839785199027, ""supergrok15_gate_thresh"": 0.40084947263435033, ""supergrok15_sam_freq_min"": 3, ""supergrok15_bilevel_freq_min"": 3}"
supergrok15,12,PRUNED,,,,"{""lr"": 0.001919095786189361, ""weight_decay"": 0.36653752136579465, ""supergrok15_alpha"": 0.6307249578673292, ""supergrok15_gamma"": 0.06996904519587137, ""supergrok15_kappa"": 0.02678244333003721, ""supergrok15_grad_clip"": 0.6253243886499944, ""supergrok15_meta_lr"": 2.0670067456889504e-05, ""supergrok15_sam_rho"": 0.026317573172009744, ""supergrok15_gate_thresh"": 0.3884823176281431, ""supergrok15_sam_freq_min"": 2, ""supergrok15_bilevel_freq_min"": 3}"
supergrok15,13,PRUNED,,,,"{""lr"": 0.0035333522312235455, ""weight_decay"": 0.4130485143639298, ""supergrok15_alpha"": 0.7067222658403312, ""supergrok15_gamma"": 0.26104391773231117, ""supergrok15_kappa"": 0.03738182346215731, ""supergrok15_grad_clip"": 0.8442491592322233, ""supergrok15_meta_lr"": 1.1885797028232495e-05, ""supergrok15_sam_rho"": 0.1613371083009385, ""supergrok15_gate_thresh"": 0.7679700853454592, ""supergrok15_sam_freq_min"": 5, ""supergrok15_bilevel_freq_min"": 8}"
supergrok15,14,PRUNED,,,,"{""lr"": 0.002688712893605852, ""weight_decay"": 0.2835365569863985, ""supergrok15_alpha"": 0.848621204520889, ""supergrok15_gamma"": 0.15944396119089893, ""supergrok15_kappa"": 0.020672834131112854, ""supergrok15_grad_clip"": 2.730579643108473, ""supergrok15_meta_lr"": 0.00010595743555558504, ""supergrok15_sam_rho"": 0.14842865506427902, ""supergrok15_gate_thresh"": 0.6506437109128063, ""supergrok15_sam_freq_min"": 3, ""supergrok15_bilevel_freq_min"": 4}"
supergrok15,15,PRUNED,,,,"{""lr"": 0.00023051420578969642, ""weight_decay"": 1.8203865612335195, ""supergrok15_alpha"": 0.7423406696443258, ""supergrok15_gamma"": 0.1585749812337612, ""supergrok15_kappa"": 0.011177213526370453, ""supergrok15_grad_clip"": 0.632994631570976, ""supergrok15_meta_lr"": 1.2848592694067222e-05, ""supergrok15_sam_rho"": 0.015357021410994537, ""supergrok15_gate_thresh"": 0.7380484034958352, ""supergrok15_sam_freq_min"": 4, ""supergrok15_bilevel_freq_min"": 4}"
supergrok15,16,PRUNED,,,,"{""lr"": 0.0004432554177675772, ""weight_decay"": 1.457350013044255, ""supergrok15_alpha"": 0.9631570563489574, ""supergrok15_gamma"": 0.054365054940587576, ""supergrok15_kappa"": 0.015354053884109209, ""supergrok15_grad_clip"": 1.546760305406103, ""supergrok15_meta_lr"": 2.7200076033109236e-05, ""supergrok15_sam_rho"": 0.03264612934598484, ""supergrok15_gate_thresh"": 0.6684032796579584, ""supergrok15_sam_freq_min"": 2, ""supergrok15_bilevel_freq_min"": 3}"
supergrok15,17,PRUNED,,,,"{""lr"": 0.00023620635537682728, ""weight_decay"": 2.056380663864856, ""supergrok15_alpha"": 0.9181357850633289, ""supergrok15_gamma"": 0.2210361717773522, ""supergrok15_kappa"": 0.014076657080308565, ""supergrok15_grad_clip"": 1.2461207511451753, ""supergrok15_meta_lr"": 6.244871096007497e-05, ""supergrok15_sam_rho"": 0.027908818551420866, ""supergrok15_gate_thresh"": 0.8797314641148987, ""supergrok15_sam_freq_min"": 3, ""supergrok15_bilevel_freq_min"": 3}"
supergrok15,18,PRUNED,,,,"{""lr"": 0.0007663528436207097, ""weight_decay"": 2.2722718736991205, ""supergrok15_alpha"": 0.8415522721632296, ""supergrok15_gamma"": 0.12973102400407777, ""supergrok15_kappa"": 0.01801235653140961, ""supergrok15_grad_clip"": 1.8293738616164865, ""supergrok15_meta_lr"": 7.211444211251914e-05, ""supergrok15_sam_rho"": 0.010167739743782208, ""supergrok15_gate_thresh"": 0.8846954949688404, ""supergrok15_sam_freq_min"": 4, ""supergrok15_bilevel_freq_min"": 6}"
supergrok15,19,PRUNED,,,,"{""lr"": 0.0005701399324380619, ""weight_decay"": 2.164453603477718, ""supergrok15_alpha"": 0.8957495255445452, ""supergrok15_gamma"": 0.18477668925542276, ""supergrok15_kappa"": 0.07111941058296277, ""supergrok15_grad_clip"": 0.9432972566902302, ""supergrok15_meta_lr"": 3.028734817088712e-05, ""supergrok15_sam_rho"": 0.015584466993588883, ""supergrok15_gate_thresh"": 0.8902972830890497, ""supergrok15_sam_freq_min"": 4, ""supergrok15_bilevel_freq_min"": 4}"
supergrok15,20,PRUNED,,,,"{""lr"": 0.0025122456983277947, ""weight_decay"": 1.1791602911962191, ""supergrok15_alpha"": 0.9711108452985775, ""supergrok15_gamma"": 0.11436351509228876, ""supergrok15_kappa"": 0.25848580575278074, ""supergrok15_grad_clip"": 1.818797583150281, ""supergrok15_meta_lr"": 2.6794899110808932e-05, ""supergrok15_sam_rho"": 0.04370739579875225, ""supergrok15_gate_thresh"": 0.35652155159573534, ""supergrok15_sam_freq_min"": 3, ""supergrok15_bilevel_freq_min"": 5}"
supergrok15,21,PRUNED,,,,"{""lr"": 0.001190582849011397, ""weight_decay"": 0.31783312607281083, ""supergrok15_alpha"": 0.9606066651758487, ""supergrok15_gamma"": 0.19047494362487039, ""supergrok15_kappa"": 0.8758605536709853, ""supergrok15_grad_clip"": 0.8178133784443686, ""supergrok15_meta_lr"": 0.0001553636282184015, ""supergrok15_sam_rho"": 0.10325479363792021, ""supergrok15_gate_thresh"": 0.5979019160407355, ""supergrok15_sam_freq_min"": 3, ""supergrok15_bilevel_freq_min"": 3}"
supergrok2,0,PRUNED,,,,"{""sg2_lamb"": 0.40647633792462073, ""lr"": 0.0018935285837802238, ""weight_decay"": 2.59074302451386, ""sg2_alpha"": 0.7329242982285706, ""sg2_gamma"": 0.03608998191866038, ""sg2_meta_rescale"": 0.016598452110188736, ""sg2_meta_lr"": 2.676766630124513e-05, ""sg2_gate_scale"": 4.68370048652052, ""sg2_gate_thresh"": 0.7652333010949713, ""sg2_sam_rho"": 0.02709438268280338, ""sg2_grad_clip"": 1.5174243475746674, ""sg2_bilevel_freq_min"": 8}"
supergrok2,1,PRUNED,,,,"{""sg2_lamb"": 6.075991227561366, ""lr"": 0.001296118935928283, ""weight_decay"": 3.761647324638446, ""sg2_alpha"": 0.86887814559765, ""sg2_gamma"": 0.2741366892148392, ""sg2_meta_rescale"": 0.07842044975025426, ""sg2_meta_lr"": 0.00020494369640656161, ""sg2_gate_scale"": 18.07175474516037, ""sg2_gate_thresh"": 0.05615216409689404, ""sg2_sam_rho"": 0.019455609928999768, ""sg2_grad_clip"": 1.3351218042931579, ""sg2_bilevel_freq_min"": 6}"
supergrok2,2,PRUNED,,,,"{""sg2_lamb"": 4.102057930121226, ""lr"": 0.0002910045326652787, ""weight_decay"": 1.649400973619917, ""sg2_alpha"": 0.7591517314898135, ""sg2_gamma"": 0.051521502961519576, ""sg2_meta_rescale"": 0.32800099591510223, ""sg2_meta_lr"": 0.00010595743555558504, ""sg2_gate_scale"": 27.212713905528915, ""sg2_gate_thresh"": 0.49674525712647544, ""sg2_sam_rho"": 0.02494251826944156, ""sg2_grad_clip"": 1.353460790297793, ""sg2_bilevel_freq_min"": 3}"
supergrok2,3,PRUNED,,,,"{""sg2_lamb"": 0.5065882370626579, ""lr"": 0.00042769319402818, ""weight_decay"": 1.0163432020816725, ""sg2_alpha"": 0.5123984268716036, ""sg2_gamma"": 0.1337461330324068, ""sg2_meta_rescale"": 0.15809706592675518, ""sg2_meta_lr"": 0.00011182600470429591, ""sg2_gate_scale"": 7.288828722093536, ""sg2_gate_thresh"": 0.7959572987525594, ""sg2_sam_rho"": 0.011851007192438315, ""sg2_grad_clip"": 2.627285615266264, ""sg2_bilevel_freq_min"": 6}"
supergrok2,4,PRUNED,,,,"{""sg2_lamb"": 6.482166030957123, ""lr"": 0.0022790092574046243, ""weight_decay"": 0.42296200526529454, ""sg2_alpha"": 0.9700279306168855, ""sg2_gamma"": 0.1122216072217737, ""sg2_meta_rescale"": 0.029381660900955505, ""sg2_meta_lr"": 0.00020574410948884616, ""sg2_gate_scale"": 5.839334388514495, ""sg2_gate_thresh"": 0.651732584281662, ""sg2_sam_rho"": 0.030534378443217804, ""sg2_grad_clip"": 2.454096443371727, ""sg2_bilevel_freq_min"": 6}"
supergrok2,5,PRUNED,,,,"{""sg2_lamb"": 1.1970138307264842, ""lr"": 0.002956861012463203, ""weight_decay"": 0.8815827542441365, ""sg2_alpha"": 0.8766975950505579, ""sg2_gamma"": 0.08306987194137168, ""sg2_meta_rescale"": 0.283773242417555, ""sg2_meta_lr"": 1.8788630405973276e-05, ""sg2_gate_scale"": 27.704679084685427, ""sg2_gate_thresh"": 0.8322426012116823, ""sg2_sam_rho"": 0.12301754430763999, ""sg2_grad_clip"": 2.8383872271805393, ""sg2_bilevel_freq_min"": 2}"
supergrok2,6,PRUNED,,,,"{""sg2_lamb"": 6.075991227561366, ""lr"": 0.001296118935928283, ""weight_decay"": 3.761647324638446, ""sg2_alpha"": 0.86887814559765, ""sg2_gamma"": 0.2741366892148392, ""sg2_meta_rescale"": 0.07842044975025426, ""sg2_meta_lr"": 0.00020494369640656161, ""sg2_gate_scale"": 18.07175474516037, ""sg2_gate_thresh"": 0.05615216409689404, ""sg2_sam_rho"": 0.019455609928999768, ""sg2_grad_clip"": 1.3351218042931579, ""sg2_bilevel_freq_min"": 6}"
supergrok2,7,PRUNED,,,,"{""sg2_lamb"": 0.2946011594727064, ""lr"": 0.0002201899841227356, ""weight_decay"": 3.854759441090219, ""sg2_alpha"": 0.5676220964830716, ""sg2_gamma"": 0.19950258922716532, ""sg2_meta_rescale"": 0.016391745772867356, ""sg2_meta_lr"": 3.105543084961488e-05, ""sg2_gate_scale"": 3.7371051326289746, ""sg2_gate_thresh"": 0.8326161802543807, ""sg2_sam_rho"": 0.041742115330347704, ""sg2_grad_clip"": 2.3750218880348437, ""sg2_bilevel_freq_min"": 2}"
supergrok2,8,PRUNED,,,,"{""sg2_lamb"": 2.259704298761022, ""lr"": 0.00037719517278961555, ""weight_decay"": 0.2774380931919183, ""sg2_alpha"": 0.7082767760520037, ""sg2_gamma"": 0.2915112052105495, ""sg2_meta_rescale"": 0.05833093015786871, ""sg2_meta_lr"": 0.0001237478148309398, ""sg2_gate_scale"": 6.706308722936349, ""sg2_gate_thresh"": 0.3328927102157293, ""sg2_sam_rho"": 0.01956442020167361, ""sg2_grad_clip"": 2.59000783067306, ""sg2_bilevel_freq_min"": 7}"
supergrok2,9,PRUNED,,,,"{""sg2_lamb"": 1.6555960999575126, ""lr"": 0.00034776622063282, ""weight_decay"": 2.5746598708009087, ""sg2_alpha"": 0.5892105883427781, ""sg2_gamma"": 0.17866651478648968, ""sg2_meta_rescale"": 0.016039577842068407, ""sg2_meta_lr"": 6.597164514327343e-05, ""sg2_gate_scale"": 4.2967329850686085, ""sg2_gate_thresh"": 0.8437993985350853, ""sg2_sam_rho"": 0.021320399566886875, ""sg2_grad_clip"": 1.8324000337358495, ""sg2_bilevel_freq_min"": 8}"
supergrok2,10,PRUNED,,,,"{""sg2_lamb"": 0.5785317846053835, ""lr"": 0.000767076601155185, ""weight_decay"": 2.693103874666053, ""sg2_alpha"": 0.6417334693382909, ""sg2_gamma"": 0.04562140078940235, ""sg2_meta_rescale"": 0.012198229690244875, ""sg2_meta_lr"": 0.00023507052486952914, ""sg2_gate_scale"": 23.838603982788094, ""sg2_gate_thresh"": 0.5903033325487469, ""sg2_sam_rho"": 0.1739611641494813, ""sg2_grad_clip"": 2.8298556980072442, ""sg2_bilevel_freq_min"": 3}"
supergrok2,11,PRUNED,,,,"{""sg2_lamb"": 0.5038539619960756, ""lr"": 0.00046796473261074363, ""weight_decay"": 0.3868664807029906, ""sg2_alpha"": 0.6058929231748085, ""sg2_gamma"": 0.019788277860699338, ""sg2_meta_rescale"": 0.023051706077659564, ""sg2_meta_lr"": 3.000026532405169e-05, ""sg2_gate_scale"": 6.129174822646679, ""sg2_gate_thresh"": 0.03082914753727316, ""sg2_sam_rho"": 0.016886310473006906, ""sg2_grad_clip"": 1.0458861081864599, ""sg2_bilevel_freq_min"": 2}"
supergrok2,12,PRUNED,,,,"{""sg2_lamb"": 4.102057930121226, ""lr"": 0.0002910045326652787, ""weight_decay"": 1.649400973619917, ""sg2_alpha"": 0.7591517314898135, ""sg2_gamma"": 0.051521502961519576, ""sg2_meta_rescale"": 0.32800099591510223, ""sg2_meta_lr"": 0.00010595743555558504, ""sg2_gate_scale"": 27.212713905528915, ""sg2_gate_thresh"": 0.49674525712647544, ""sg2_sam_rho"": 0.02494251826944156, ""sg2_grad_clip"": 1.353460790297793, ""sg2_bilevel_freq_min"": 3}"
supergrok2,13,PRUNED,,,,"{""sg2_lamb"": 0.6165371532754181, ""lr"": 0.003492713046412726, ""weight_decay"": 3.183881706041133, ""sg2_alpha"": 0.5616409342462745, ""sg2_gamma"": 0.06219516661555542, ""sg2_meta_rescale"": 0.013312508128157126, ""sg2_meta_lr"": 2.179618993656098e-05, ""sg2_gate_scale"": 9.25875467867984, ""sg2_gate_thresh"": 0.8268548468612522, ""sg2_sam_rho"": 0.0496324465854344, ""sg2_grad_clip"": 1.6826903376098878, ""sg2_bilevel_freq_min"": 8}"
supergrok2,14,PRUNED,,,,"{""sg2_lamb"": 0.3477611580128381, ""lr"": 0.001493850544342777, ""weight_decay"": 1.0465173201733975, ""sg2_alpha"": 0.7380802561302832, ""sg2_gamma"": 0.08996349445947857, ""sg2_meta_rescale"": 0.01924212197532279, ""sg2_meta_lr"": 3.08031469595043e-05, ""sg2_gate_scale"": 6.390750181383094, ""sg2_gate_thresh"": 0.7300950003762379, ""sg2_sam_rho"": 0.03047350053802088, ""sg2_grad_clip"": 1.6724691076171572, ""sg2_bilevel_freq_min"": 6}"
supergrok2,15,PRUNED,,,,"{""sg2_lamb"": 1.2067543841341297, ""lr"": 0.001977209770107952, ""weight_decay"": 2.300296656091801, ""sg2_alpha"": 0.8692367768479776, ""sg2_gamma"": 0.024063335182198872, ""sg2_meta_rescale"": 0.0164834738335949, ""sg2_meta_lr"": 5.1812255971753706e-05, ""sg2_gate_scale"": 14.34072918473816, ""sg2_gate_thresh"": 0.5673552653954945, ""sg2_sam_rho"": 0.025001647645132807, ""sg2_grad_clip"": 2.589275967251088, ""sg2_bilevel_freq_min"": 7}"
supergrok2,16,PRUNED,,,,"{""sg2_lamb"": 0.30380576057997544, ""lr"": 0.0017252572473163345, ""weight_decay"": 3.099963842513097, ""sg2_alpha"": 0.7981714320950697, ""sg2_gamma"": 0.10015207499498378, ""sg2_meta_rescale"": 0.06638627453131972, ""sg2_meta_lr"": 0.00016589171443885564, ""sg2_gate_scale"": 9.651129846932697, ""sg2_gate_thresh"": 0.7545123593496248, ""sg2_sam_rho"": 0.07346337127753157, ""sg2_grad_clip"": 1.1069903672121582, ""sg2_bilevel_freq_min"": 8}"
supergrok2,17,PRUNED,,,,"{""sg2_lamb"": 0.5587512441484503, ""lr"": 0.000788609428586036, ""weight_decay"": 2.3770892210099546, ""sg2_alpha"": 0.9535392271360216, ""sg2_gamma"": 0.25721161258951314, ""sg2_meta_rescale"": 0.027754915873161524, ""sg2_meta_lr"": 0.00011389800788874448, ""sg2_gate_scale"": 18.20202405959782, ""sg2_gate_thresh"": 0.06378684024685403, ""sg2_sam_rho"": 0.0293234148960536, ""sg2_grad_clip"": 1.1030606565036258, ""sg2_bilevel_freq_min"": 8}"
supergrok2,18,PRUNED,,,,"{""sg2_lamb"": 4.90748227920032, ""lr"": 0.0003915228795635045, ""weight_decay"": 0.9502361286371682, ""sg2_alpha"": 0.7116895276289666, ""sg2_gamma"": 0.2602263425017855, ""sg2_meta_rescale"": 0.0179345931429477, ""sg2_meta_lr"": 0.0001564412920745332, ""sg2_gate_scale"": 12.653970623187057, ""sg2_gate_thresh"": 0.007069792731976769, ""sg2_sam_rho"": 0.026515662699791595, ""sg2_grad_clip"": 1.133956960845437, ""sg2_bilevel_freq_min"": 8}"
supergrok2,19,PRUNED,,,,"{""sg2_lamb"": 0.30956461444544675, ""lr"": 0.0003424219439758242, ""weight_decay"": 2.398094739376799, ""sg2_alpha"": 0.6659148936752382, ""sg2_gamma"": 0.03883699235958886, ""sg2_meta_rescale"": 0.041664300310248224, ""sg2_meta_lr"": 3.6307524127422185e-05, ""sg2_gate_scale"": 3.220030499799101, ""sg2_gate_thresh"": 0.7476099654339409, ""sg2_sam_rho"": 0.05494517996763893, ""sg2_grad_clip"": 0.7797054394743547, ""sg2_bilevel_freq_min"": 8}"
grokfast,0,PRUNED,,,,"{""lr"": 0.003872639391054715, ""grokfast_alpha"": 0.9574773385364053, ""grokfast_lamb"": 7.557802365615764, ""weight_decay"": 1.8645260030089423}"
grokfast,1,PRUNED,,,,"{""lr"": 0.002688712893605852, ""grokfast_alpha"": 0.9115341902609735, ""grokfast_lamb"": 3.5238219899172942, ""weight_decay"": 0.9597756895390301}"
grokfast,2,PRUNED,,,,"{""lr"": 0.004112522890946545, ""grokfast_alpha"": 0.9748350377134369, ""grokfast_lamb"": 1.0000295409626256, ""weight_decay"": 3.4389417285360895}"
grokfast,3,PRUNED,,,,"{""lr"": 0.0008565293722924722, ""grokfast_alpha"": 0.9828435339822048, ""grokfast_lamb"": 1.9734040236116328, ""weight_decay"": 1.9548824288747957}"
grokfast,4,PRUNED,,,,"{""lr"": 0.003872639391054715, ""grokfast_alpha"": 0.9574773385364053, ""grokfast_lamb"": 7.557802365615764, ""weight_decay"": 1.8645260030089423}"
grokfast,5,PRUNED,,,,"{""lr"": 0.0004687981824687542, ""grokfast_alpha"": 0.9846655164249913, ""grokfast_lamb"": 0.8360723916971565, ""weight_decay"": 3.12901096894739}"
grokfast,6,PRUNED,,,,"{""lr"": 0.00023294115464066322, ""grokfast_alpha"": 0.9029579158317494, ""grokfast_lamb"": 7.7307876098672725, ""weight_decay"": 0.3011369783934477}"
grokfast,7,PRUNED,,,,"{""lr"": 0.0011576160601673156, ""grokfast_alpha"": 0.9170146661881889, ""grokfast_lamb"": 5.321110037525296, ""weight_decay"": 0.34316742743792855}"
grokfast,8,PRUNED,,,,"{""lr"": 0.00377059139835733, ""grokfast_alpha"": 0.9521189328330107, ""grokfast_lamb"": 5.863926472469856, ""weight_decay"": 1.1163742672576624}"
grokfast,9,PRUNED,,,,"{""lr"": 0.002688712893605852, ""grokfast_alpha"": 0.9115341902609735, ""grokfast_lamb"": 3.5238219899172942, ""weight_decay"": 0.9597756895390301}"
grokfast,10,PRUNED,,,,"{""lr"": 0.004674827168814247, ""grokfast_alpha"": 0.9829394699886852, ""grokfast_lamb"": 6.687280178412907, ""weight_decay"": 0.28398858926965836}"
grokfast,11,PRUNED,,,,"{""lr"": 0.00167007092483838, ""grokfast_alpha"": 0.9125063395546881, ""grokfast_lamb"": 1.2593626016791286, ""weight_decay"": 0.24084919870700383}"
grokfast,12,PRUNED,,,,"{""lr"": 0.0013304462962126125, ""grokfast_alpha"": 0.9119567151695083, ""grokfast_lamb"": 2.3275223185951384, ""weight_decay"": 0.2557104719159887}"
grokfast,13,PRUNED,,,,"{""lr"": 0.000650342098772218, ""grokfast_alpha"": 0.9258911440638006, ""grokfast_lamb"": 2.0075525526611795, ""weight_decay"": 0.9647616395683385}"
grokfast,14,PRUNED,,,,"{""lr"": 0.0008623322670206282, ""grokfast_alpha"": 0.9072706285975487, ""grokfast_lamb"": 5.946348772398738, ""weight_decay"": 2.5597536592516743}"
grokfast,15,PRUNED,,,,"{""lr"": 0.0008868982987474926, ""grokfast_alpha"": 0.9732179911643978, ""grokfast_lamb"": 7.376431245512089, ""weight_decay"": 1.7614081841522162}"
grokfast,16,PRUNED,,,,"{""lr"": 0.0016765714961547958, ""grokfast_alpha"": 0.9428793412261257, ""grokfast_lamb"": 2.944071284429784, ""weight_decay"": 3.061793803427122}"
grokfast,17,PRUNED,,,,"{""lr"": 0.0013246552655635992, ""grokfast_alpha"": 0.9859675549736228, ""grokfast_lamb"": 4.609737299146477, ""weight_decay"": 0.7965499135705129}"
grokfast,18,PRUNED,,,,"{""lr"": 0.0014273784615916377, ""grokfast_alpha"": 0.9757647144344278, ""grokfast_lamb"": 5.987792600922318, ""weight_decay"": 3.8546599927863814}"
grokfast,19,PRUNED,,,,"{""lr"": 0.004858430010161113, ""grokfast_alpha"": 0.9163702324937476, ""grokfast_lamb"": 1.0796928175813876, ""weight_decay"": 1.1602935932690337}"
grokfast,20,PRUNED,,,,"{""lr"": 0.0017886803812660287, ""grokfast_alpha"": 0.9440382214651556, ""grokfast_lamb"": 2.2370174637388183, ""weight_decay"": 1.6089809469661345}"
muon,0,PRUNED,,,,"{""muon_lr"": 0.06419655277031673, ""muon_momentum"": 0.9312810847989569, ""lr"": 0.00468059030603095, ""weight_decay"": 1.8645260030089423}"
muon,1,PRUNED,,,,"{""muon_lr"": 0.04688343556863558, ""muon_momentum"": 0.8663109761266291, ""lr"": 0.001930094354625857, ""weight_decay"": 0.9597756895390301}"
muon,2,PRUNED,,,,"{""muon_lr"": 0.06760738185784043, ""muon_momentum"": 0.9558273260594057, ""lr"": 0.0004472289331718975, ""weight_decay"": 3.4389417285360895}"
muon,3,PRUNED,,,,"{""muon_lr"": 0.017502389004071583, ""muon_momentum"": 0.9671524722980674, ""lr"": 0.0009845780986580534, ""weight_decay"": 1.9548824288747957}"
muon,4,PRUNED,,,,"{""muon_lr"": 0.06419655277031673, ""muon_momentum"": 0.9312810847989569, ""lr"": 0.00468059030603095, ""weight_decay"": 1.8645260030089423}"
muon,5,PRUNED,,,,"{""muon_lr"": 0.005701715702359899, ""muon_momentum"": 0.8541829112772213, ""lr"": 0.004805192917765751, ""weight_decay"": 0.3011369783934477}"
muon,6,PRUNED,,,,"{""muon_lr"": 0.010414362537451068, ""muon_momentum"": 0.9697290131262504, ""lr"": 0.00036328121476194984, ""weight_decay"": 3.12901096894739}"
muon,7,PRUNED,,,,"{""muon_lr"": 0.022687232050477384, ""muon_momentum"": 0.8740611441045095, ""lr"": 0.0031144222744712603, ""weight_decay"": 0.34316742743792855}"
muon,8,PRUNED,,,,"{""muon_lr"": 0.04688343556863558, ""muon_momentum"": 0.8663109761266291, ""lr"": 0.001930094354625857, ""weight_decay"": 0.9597756895390301}"
muon,9,PRUNED,,,,"{""muon_lr"": 0.0627367607028201, ""muon_momentum"": 0.9237035413800151, ""lr"": 0.0034862156378986544, ""weight_decay"": 1.1163742672576624}"
muon,10,PRUNED,,,,"{""muon_lr"": 0.07549786098555329, ""muon_momentum"": 0.9672881393779387, ""lr"": 0.004060691719922434, ""weight_decay"": 0.28398858926965836}"
muon,11,PRUNED,,,,"{""muon_lr"": 0.025576169324716735, ""muon_momentum"": 0.8669084860982944, ""lr"": 0.001192519726174081, ""weight_decay"": 0.2557104719159887}"
muon,12,PRUNED,,,,"{""muon_lr"": 0.008797151645832153, ""muon_momentum"": 0.8830588779355881, ""lr"": 0.001147173448749509, ""weight_decay"": 0.21558439401675056}"
muon,13,PRUNED,,,,"{""muon_lr"": 0.05544888800533274, ""muon_momentum"": 0.8612327256247337, ""lr"": 0.0019892229218020315, ""weight_decay"": 0.8994659154625569}"
muon,14,PRUNED,,,,"{""muon_lr"": 0.053197157357424286, ""muon_momentum"": 0.8729207899452195, ""lr"": 0.0012644676877770307, ""weight_decay"": 3.666733887079256}"
muon,15,PRUNED,,,,"{""muon_lr"": 0.026069740690516516, ""muon_momentum"": 0.8820960108057225, ""lr"": 0.004791892504809941, ""weight_decay"": 1.2969602838178969}"
muon,16,PRUNED,,,,"{""muon_lr"": 0.014247058498006044, ""muon_momentum"": 0.8551978647627839, ""lr"": 0.0006899468629918156, ""weight_decay"": 1.321933701280008}"
muon,17,FAIL,,,,"{""muon_lr"": 0.007811029318528357, ""muon_momentum"": 0.9807848298639901, ""lr"": 0.0022125322860961534, ""weight_decay"": 0.24663791893448386}"
muon,18,PRUNED,,,,"{""muon_lr"": 0.03782461707284585, ""muon_momentum"": 0.9756690842944076, ""lr"": 0.0035813572688234638, ""weight_decay"": 2.588908746103525}"
muon,19,PRUNED,,,,"{""muon_lr"": 0.060137129505852024, ""muon_momentum"": 0.8574018684053835, ""lr"": 0.0002466608258488562, ""weight_decay"": 0.5308751687393629}"
muon,20,FAIL,,,,"{""muon_lr"": 0.02745476401529831, ""muon_momentum"": 0.9100807737110097}"
muon,21,FAIL,,,,"{""muon_lr"": 0.07863044539310386, ""muon_momentum"": 0.9399911749630457, ""lr"": 0.0010954961772924707, ""weight_decay"": 1.170805171941654}"
muon,22,FAIL,,,,"{""muon_lr"": 0.02745476401529831, ""muon_momentum"": 0.9100807737110097, ""lr"": 0.0005223405875454703, ""weight_decay"": 1.010888698598515}"
muon,23,FAIL,,,,"{""muon_lr"": 0.011062923347988139, ""muon_momentum"": 0.9249126275851253, ""lr"": 0.002921787158935308, ""weight_decay"": 1.6558465026446345}"
muon,24,FAIL,,,,"{""muon_lr"": 0.010994315387078903, ""muon_momentum"": 0.937718759390524, ""lr"": 0.0002833150416499107, ""weight_decay"": 0.36830508732158423}"
muon,25,FAIL,,,,"{""muon_lr"": 0.01678241948128621, ""muon_momentum"": 0.9218605472690348, ""lr"": 0.0003500678613114278, ""weight_decay"": 0.514705544339322}"
muon,26,FAIL,,,,"{""muon_lr"": 0.02949752382923512, ""muon_momentum"": 0.9312647135777787, ""lr"": 0.0008030827120056671, ""weight_decay"": 0.7961104828513116}"
muon,27,FAIL,,,,"{""muon_lr"": 0.012266183425483237, ""muon_momentum"": 0.9821528401248296, ""lr"": 0.0040328816377496225, ""weight_decay"": 0.773093226257268}"
muon,28,PRUNED,0.17111782357096672,,,"{""muon_lr"": 0.007513279226315629, ""muon_momentum"": 0.9423110270443298, ""lr"": 0.0035045241124301374, ""weight_decay"": 2.669664872834847}"
muon,29,COMPLETE,18000.0,0.04301075264811516,0.02018900401890278,"{""muon_lr"": 0.02745476401529831, ""muon_momentum"": 0.9100807737110097, ""lr"": 0.0005223405875454703, ""weight_decay"": 1.010888698598515}"
muon,30,COMPLETE,18000.0,0.04301075264811516,0.02190721593797207,"{""muon_lr"": 0.010994315387078903, ""muon_momentum"": 0.937718759390524, ""lr"": 0.0002833150416499107, ""weight_decay"": 0.36830508732158423}"
muon,31,COMPLETE,18000.0,0.03870967775583267,0.02083333395421505,"{""muon_lr"": 0.07863044539310386, ""muon_momentum"": 0.9399911749630457, ""lr"": 0.0010954961772924707, ""weight_decay"": 1.170805171941654}"
muon,32,COMPLETE,18000.0,0.04301075264811516,0.019544674083590508,"{""muon_lr"": 0.01678241948128621, ""muon_momentum"": 0.9218605472690348, ""lr"": 0.0003500678613114278, ""weight_decay"": 0.514705544339322}"
muon,33,PRUNED,,,,"{""muon_lr"": 0.02949752382923512, ""muon_momentum"": 0.9312647135777787, ""lr"": 0.0008030827120056671, ""weight_decay"": 0.7961104828513116}"
lion,0,PRUNED,,,,"{""lion_lr"": 0.0007883687256421503, ""lion_wd"": 2.8465638429544766, ""beta1"": 0.9479491698256441, ""beta2"": 0.97377562911953}"
lion,1,PRUNED,,,,"{""lion_lr"": 0.0005613735336429965, ""lion_wd"": 0.7088413924659963, ""beta1"": 0.9204285261658361, ""beta2"": 0.9518303462979627}"
lion,2,PRUNED,,,,"{""lion_lr"": 0.0008337219342912433, ""lion_wd"": 4.813166676276825, ""beta1"": 0.8750010654492699, ""beta2"": 0.9940055861233771}"
lion,3,PRUNED,,,,"{""lion_lr"": 0.00019359306720074016, ""lion_wd"": 6.13304701319239, ""beta1"": 0.8995171588887232, ""beta2"": 0.9753395190101116}"
lion,4,PRUNED,,,,"{""lion_lr"": 0.0007883687256421503, ""lion_wd"": 2.8465638429544766, ""beta1"": 0.9479491698256441, ""beta2"": 0.97377562911953}"
lion,5,PRUNED,,,,"{""lion_lr"": 0.00011047889197860088, ""lion_wd"": 6.480675435124666, ""beta1"": 0.8685424942303533, ""beta2"": 0.9908844010494234}"
lion,6,PRUNED,,,,"{""lion_lr"": 5.762300406826513e-05, ""lion_wd"": 0.5468171128062214, ""beta1"": 0.948765385072271, ""beta2"": 0.9135244192966143}"
lion,7,PRUNED,,,,"{""lion_lr"": 0.00025623770303360576, ""lion_wd"": 0.8367041718527908, ""beta1"": 0.9352931809485301, ""beta2"": 0.9178421176685556}"
lion,8,PRUNED,,,,"{""lion_lr"": 0.0007690167265197414, ""lion_wd"": 2.420484336878914, ""beta1"": 0.9387966753423006, ""beta2"": 0.9568251328489599}"
lion,9,PRUNED,,,,"{""lion_lr"": 0.0009393341414568963, ""lion_wd"": 6.1508772153820015, ""beta1"": 0.9435354890872215, ""beta2"": 0.9115868339878199}"
lion,10,PRUNED,,,,"{""lion_lr"": 9.206405920907794e-05, ""lion_wd"": 1.0143515970489834, ""beta1"": 0.9042654968277792, ""beta2"": 0.9024796853743208}"
lion,11,PRUNED,,,,"{""lion_lr"": 0.0002916664179734104, ""lion_wd"": 0.7179625193984452, ""beta1"": 0.9054698750460748, ""beta2"": 0.9081205916257783}"
lion,12,PRUNED,,,,"{""lion_lr"": 0.00036039533968838946, ""lion_wd"": 0.7300032289055323, ""beta1"": 0.8833173432624228, ""beta2"": 0.9061419074332239}"
lion,13,PRUNED,,,,"{""lion_lr"": 0.0004946741631882017, ""lion_wd"": 0.558715391665256, ""beta1"": 0.907503313021663, ""beta2"": 0.9480196564108598}"
lion,14,PRUNED,,,,"{""lion_lr"": 0.0005600699501410535, ""lion_wd"": 0.61415695033595, ""beta1"": 0.9225729721950617, ""beta2"": 0.9555649128832701}"
lion,15,PRUNED,,,,"{""lion_lr"": 0.0003113945134335977, ""lion_wd"": 9.11292079049082, ""beta1"": 0.9434878649543819, ""beta2"": 0.9791243871466498}"
lion,16,PRUNED,,,,"{""lion_lr"": 0.00013747715506843254, ""lion_wd"": 2.1820804671141616, ""beta1"": 0.9379847898974699, ""beta2"": 0.9675520522030953}"
lion,17,FAIL,,,,{}
lion,18,PRUNED,,,,"{""lion_lr"": 0.0007612690652376437, ""lion_wd"": 1.7725497981633969, ""beta1"": 0.8883801871751664, ""beta2"": 0.9559378794078109}"
lion,19,PRUNED,,,,"{""lion_lr"": 0.0009406687138315242, ""lion_wd"": 0.7745850708812411, ""beta1"": 0.936483590170206, ""beta2"": 0.9946784029483259}"
lion,20,PRUNED,,,,"{""lion_lr"": 0.00017751419625757295, ""lion_wd"": 1.3857153259824648, ""beta1"": 0.8674880556959699, ""beta2"": 0.966260942103761}"
looksam,0,PRUNED,,,,"{""lr"": 0.003872639391054715, ""looksam_rho"": 0.07204201353222095, ""looksam_k"": 10, ""looksam_alpha"": 0.7843854437140858, ""weight_decay"": 3.0760669060789647}"
looksam,1,PRUNED,,,,"{""lr"": 0.004112522890946545, ""looksam_rho"": 0.13078861702504763, ""looksam_k"": 4, ""looksam_alpha"": 0.9172083937393445, ""weight_decay"": 0.5941640332860916}"
looksam,2,PRUNED,,,,"{""lr"": 0.0008565293722924722, ""looksam_rho"": 0.17221066710623548, ""looksam_k"": 6, ""looksam_alpha"": 0.7946534076421466, ""weight_decay"": 0.4419155679144035}"
looksam,3,PRUNED,,,,"{""lr"": 0.003872639391054715, ""looksam_rho"": 0.07204201353222095, ""looksam_k"": 10, ""looksam_alpha"": 0.7843854437140858, ""weight_decay"": 3.0760669060789647}"
looksam,4,PRUNED,,,,"{""lr"": 0.0031373170335633684, ""looksam_rho"": 0.018788630405973273, ""looksam_k"": 10, ""looksam_alpha"": 0.9364208126912863, ""weight_decay"": 2.4603508861528}"
looksam,5,PRUNED,,,,"{""lr"": 0.00023294115464066322, ""looksam_rho"": 0.011069635910690765, ""looksam_k"": 10, ""looksam_alpha"": 0.3887966923515081, ""weight_decay"": 1.4415813587535569}"
looksam,6,PRUNED,,,,"{""lr"": 0.0011576160601673156, ""looksam_rho"": 0.01794179580941494, ""looksam_k"": 9, ""looksam_alpha"": 0.41714521701576907, ""weight_decay"": 1.1666656718936412}"
looksam,7,PRUNED,,,,"{""lr"": 0.0010888822517182354, ""looksam_rho"": 0.20494369640656157, ""looksam_k"": 7, ""looksam_alpha"": 0.3429398901917425, ""weight_decay"": 0.3891121985799952}"
looksam,8,PRUNED,,,,"{""lr"": 0.004060691719922434, ""looksam_rho"": 0.014889509511120303, ""looksam_k"": 7, ""looksam_alpha"": 0.4281160019080205, ""weight_decay"": 0.2774380931919183}"
looksam,9,PRUNED,,,,"{""lr"": 0.00038538796825530206, ""looksam_rho"": 0.022325428061679475, ""looksam_k"": 6, ""looksam_alpha"": 0.31628076255867144, ""weight_decay"": 0.7393249364983644}"
looksam,10,PRUNED,,,,"{""lr"": 0.0003003496228034536, ""looksam_rho"": 0.031055430849614905, ""looksam_k"": 2, ""looksam_alpha"": 0.9367064907827616, ""weight_decay"": 0.8348423066069541}"
looksam,11,PRUNED,,,,"{""lr"": 0.00029502991992426565, ""looksam_rho"": 0.06597164514327342, ""looksam_k"": 2, ""looksam_alpha"": 0.9452583635856535, ""weight_decay"": 0.4264079913377373}"
looksam,12,PRUNED,,,,"{""lr"": 0.0017477975298638405, ""looksam_rho"": 0.15260177889301857, ""looksam_k"": 3, ""looksam_alpha"": 0.9209955476713607, ""weight_decay"": 0.8279579567486123}"
looksam,13,PRUNED,,,,"{""lr"": 0.0035764125528677526, ""looksam_rho"": 0.07826200491775119, ""looksam_k"": 6, ""looksam_alpha"": 0.8890219723185161, ""weight_decay"": 0.23973420912230994}"
looksam,14,FAIL,,,,"{""lr"": 0.004357732961349229, ""looksam_rho"": 0.08374806643470918, ""looksam_k"": 4, ""looksam_alpha"": 0.6001292056425092}"
looksam,15,PRUNED,,,,"{""lr"": 0.0036984195975586715, ""looksam_rho"": 0.11256792982385642, ""looksam_k"": 6, ""looksam_alpha"": 0.7085402119025719, ""weight_decay"": 0.9233746457385483}"
looksam,16,FAIL,,,,"{""lr"": 0.004309688953696144}"
looksam,17,PRUNED,,,,"{""lr"": 0.004623661744228622, ""looksam_rho"": 0.1851657457382282, ""looksam_k"": 6, ""looksam_alpha"": 0.9302380874736521, ""weight_decay"": 3.267797666687142}"
looksam,18,PRUNED,,,,"{""lr"": 0.0006405960172010919, ""looksam_rho"": 0.13582909375716315, ""looksam_k"": 7, ""looksam_alpha"": 0.6276870218102407, ""weight_decay"": 3.5798108011878718}"
looksam,19,PRUNED,,,,"{""lr"": 0.004006331950899619, ""looksam_rho"": 0.298249899983704, ""looksam_k"": 10, ""looksam_alpha"": 0.623019880971978, ""weight_decay"": 2.902206787368859}"
looksam,20,PRUNED,,,,"{""lr"": 0.00490405895712762, ""looksam_rho"": 0.043162979158111466, ""looksam_k"": 3, ""looksam_alpha"": 0.8864249970119776, ""weight_decay"": 1.4983071502843957}"
looksam,21,PRUNED,,,,"{""lr"": 0.004997010094306278, ""looksam_rho"": 0.2923535589452039, ""looksam_k"": 5, ""looksam_alpha"": 0.8324773342712919, ""weight_decay"": 0.4887020109553978}"
prodigy,0,FAIL,,,,"{""prodigy_lr"": 1.8809359360690407, ""weight_decay"": 1.1386255371817904, ""beta1"": 0.9479491698256441, ""beta2"": 0.986887814559765}"
prodigy,1,PRUNED,,,,"{""prodigy_lr"": 1.1778319465378668, ""weight_decay"": 2.453218805276955, ""beta1"": 0.8995171588887232, ""beta2"": 0.9876697595050559}"
prodigy,2,PRUNED,,,,"{""prodigy_lr"": 1.8809359360690407, ""weight_decay"": 1.1386255371817904, ""beta1"": 0.9479491698256441, ""beta2"": 0.986887814559765}"
prodigy,3,PRUNED,,,,"{""prodigy_lr"": 1.9089427920793622, ""weight_decay"": 1.92526667051073, ""beta1"": 0.8750010654492699, ""beta2"": 0.9970027930616886}"
prodigy,4,PRUNED,,,,"{""prodigy_lr"": 0.8969654505493475, ""weight_decay"": 2.5922701740498657, ""beta1"": 0.8685424942303533, ""beta2"": 0.9954422005247118}"
prodigy,5,PRUNED,,,,"{""prodigy_lr"": 1.318205226550269, ""weight_decay"": 0.33468166874111627, ""beta1"": 0.9352931809485301, ""beta2"": 0.9589210588342778}"
prodigy,6,PRUNED,,,,"{""prodigy_lr"": 0.5710505040697813, ""weight_decay"": 0.21872684512248852, ""beta1"": 0.948765385072271, ""beta2"": 0.9567622096483072}"
prodigy,7,PRUNED,,,,"{""prodigy_lr"": 1.9686634139029686, ""weight_decay"": 2.4603508861528, ""beta1"": 0.9435354890872215, ""beta2"": 0.95579341699391}"
prodigy,8,PRUNED,,,,"{""prodigy_lr"": 1.8684916400754537, ""weight_decay"": 0.9681937347515654, ""beta1"": 0.9387966753423006, ""beta2"": 0.9784125664244799}"
prodigy,9,PRUNED,,,,"{""prodigy_lr"": 0.8056656449874116, ""weight_decay"": 0.4057406388195933, ""beta1"": 0.9042654968277792, ""beta2"": 0.9512398426871603}"
prodigy,10,PRUNED,,,,"{""prodigy_lr"": 1.4889962164093151, ""weight_decay"": 0.29200129156221294, ""beta1"": 0.8833173432624228, ""beta2"": 0.9530709537166119}"
prodigy,11,PRUNED,,,,"{""prodigy_lr"": 1.3830500751855408, ""weight_decay"": 0.28718500775937805, ""beta1"": 0.9054698750460748, ""beta2"": 0.9540602958128891}"
prodigy,12,PRUNED,,,,"{""prodigy_lr"": 1.9693226710371423, ""weight_decay"": 0.8348423066069541, ""beta1"": 0.9250008755213937, ""beta2"": 0.9521275918064103}"
prodigy,13,PRUNED,,,,"{""prodigy_lr"": 1.2139587176226767, ""weight_decay"": 2.700925748176124, ""beta1"": 0.9182194210820352, ""beta2"": 0.9836106178207881}"
prodigy,14,PRUNED,,,,"{""prodigy_lr"": 1.980378929393372, ""weight_decay"": 0.8100610622420025, ""beta1"": 0.9445987121661769, ""beta2"": 0.998897543606059}"
prodigy,15,PRUNED,,,,"{""prodigy_lr"": 1.7263569738864146, ""weight_decay"": 1.511932256180212, ""beta1"": 0.8878629668213965, ""beta2"": 0.9706749754969444}"
prodigy,16,PRUNED,,,,"{""prodigy_lr"": 1.6204047172691156, ""weight_decay"": 3.0554604655845186, ""beta1"": 0.9450692417903708, ""beta2"": 0.9934948720715715}"
prodigy,17,PRUNED,,,,"{""prodigy_lr"": 1.7879837553101705, ""weight_decay"": 0.3191074224099139, ""beta1"": 0.8984138375344435, ""beta2"": 0.9936122748474644}"
prodigy,18,PRUNED,,,,"{""prodigy_lr"": 1.264400702497078, ""weight_decay"": 0.6331415284388109, ""beta1"": 0.9336470867651372, ""beta2"": 0.9914870503198124}"
prodigy,19,PRUNED,,,,"{""prodigy_lr"": 0.8067050739258352, ""weight_decay"": 0.7328326638383469, ""beta1"": 0.8900958740494336, ""beta2"": 0.9878283633921221}"
